"Year","Month","Temp","TP","pH","Cryptomonas","Diatoms","Greens","Bluegreens","Unicells","Other.algae","Conochilus","Cyclops","Daphnia","Diaptomus","Epischura","Leptodora","Neomysis","Non.daphnid.cladocerans","Non.colonial.rotifers"
1962,1,7.6,60.19047619,7.38214286,NA,8294.791667,NA,1301440,7336.302083,3681.666667,0.00775,20.84975,NA,11.77475,0.02675,NA,NA,0.33525,0.8615
1962,2,7.5,NA,7.45722222,NA,60413.7037,1632,302188.889,6657.259259,2599.166667,NA,10.55125,NA,18.00575,0.3155,NA,NA,0.36725,1.47275
1962,3,7.66666667,57.71428571,7.61375,NA,12847.66333,NA,290080,30137.36833,4308.333333,0.148166667,5.992,NA,38.12791667,0.9185,NA,NA,0.745166667,2.651166667
1962,4,10.1,52.44285714,7.55073413,NA,27249.84723,2250,448650,30600.45139,51978.4375,0.22525,6.793083333,NA,85.87241667,1.202333333,NA,NA,0.672833333,8.681083333
1962,5,12.8,56.96428571,7.86353671,NA,48154.875,NA,2105040,97312.79688,709577.1875,3.533875,2.198,NA,62.84175,1.5905,NA,0.00025,2.19475,21.3255
1962,6,16,82.53333333,8.38854167,NA,NA,NA,NA,NA,NA,3.49475,1.1765,0.079,20.85775,0.5145,NA,NA,4.30575,7.27475
1962,7,18.75,69.49487179,8.118,NA,13510.64,NA,4370310,40628.4757,11136.5625,0.169375,1.730625,0.147,22.0485,0.68175,0.00225,NA,2.69075,23.564875
1962,8,16.1375,44.55042735,8.49566667,NA,1292.444444,13619.375,3450906.67,117578.9444,18772.38889,0.8028,1.9683,0.1669,25.6455,0.7719,0.0028,0.0004,3.0095,13.753
1962,9,14.705,67.13333333,7.95446465,NA,1530.666667,NA,1940400,277423.6563,64507.5,7.572875,7.3725,NA,17.926875,0.559875,0.0025,NA,2.159625,14.749875
1962,10,13.52587302,60.2,7.23,NA,1218.75,210,1344875,33431.25,70310,1.99475,16.9595,NA,6.428625,0.271625,NA,0.00025,4.566875,16.67725
1962,11,11.552,51.05555556,6.655,NA,11426.875,NA,2019780,156061.6581,13160,NA,14.6175,0.0675,3.876,0.09475,NA,0.0005,1.39375,15.54075
1962,12,9.52,53,7.422857143,15750,1013.76,72.5,184970,36317.94792,38495.70834,0.009,22.768,NA,4.77925,0.18525,NA,0.0005,0.19225,4.9485
1963,1,7.64,66.78571429,7.349285714,NA,2178.861112,NA,211680,11018.38282,1144.0625,NA,15.43975,NA,7.7605,0.54625,NA,NA,0.10375,0.88975
1963,2,7.14,65.57142857,7.375555556,NA,16446.5,NA,346920,17495.6875,NA,NA,13.675,NA,7.1695,0.2815,NA,NA,NA,0.248
1963,3,7.32,71.28571429,7.398571429,NA,5075,NA,223440,20783.09375,235,NA,6.14225,NA,8.64525,0.63075,NA,0.00025,0.068,0.8825
1963,4,7.96,75.34285714,7.454285714,NA,18769.69975,NA,232260,26044.55729,1925.71875,NA,3.492166667,NA,12.32416667,0.6265,NA,0.000166667,0.008666667,5.683166667
1963,5,11.62220238,70.4047619,7.741011905,NA,467213.24,NA,1042720,57093.14583,686574.5833,0.62125,4.05325,NA,39.98475,3.11225,0.00175,0.00025,1.18925,82.4795
1963,6,12.15222222,64.2,7.793333333,NA,122142,NA,4142460,246255.2553,2905450.667,10.11775,3.770875,NA,71.3985,0.60125,NA,0.00475,2.11475,25.00175
1963,7,13.20492424,71.4,7.667357143,18764.61111,21469.17882,10930.14352,4052823.33,107159.5382,155680.5231,26.84675,3.6165,NA,60.283,1.183,NA,0.001,5.31575,15.632
1963,8,13.48606394,73.75555556,8.224666667,NA,3457.233417,NA,7032003.6,78482.01625,61925.14748,0.819791667,2.677837798,0.000625,40.28276979,1.10805,0.0025,0.0020625,7.043002976,11.56717708
1963,9,12.80300408,77.6,7.342181818,NA,96371.1375,NA,5833104,40061.28404,23006.875,15.4581,5.981,NA,34.8961,0.6256,0.0036,NA,4.99655,24.9071
1963,10,10.77790622,80.89166667,7.273181818,6825,4595.497778,NA,3303320,74571.18404,24619.45833,42.399,21.671125,0.0135,10.9345,0.4875,0.0015,0.005,3.512125,14.8285
1963,11,9.62,77,7.125,NA,24218.35938,NA,1303850,26025,122565.625,NA,15.05075,NA,5.526,0.3155,NA,NA,0.72325,4.38625
1963,12,8.333333333,84.57142857,7.121904762,NA,12775.48,210,2085350,58100.73034,14525.27778,NA,21.626,NA,6.2705,0.16075,NA,NA,0.4135,3.91875
1964,1,7.424,63,7.24,NA,12030.4898,NA,381300,45076.46875,4282.777778,NA,13.11575,0.0065,12.40775,0.138875,NA,NA,0.072375,2.515625
1964,2,6.508,75.69047619,7.442142857,NA,7113.899445,NA,368187.5,65079.5,1833.75,NA,8.89375,NA,13.582,0.025,NA,NA,0.002,1.101
1964,3,6.293333333,72,7.564285714,NA,9276.06,NA,334400,42624.84375,510,NA,7.406,NA,14.383,0.0455,NA,NA,NA,2.242
1964,4,7.296,73.28571429,7.581428571,NA,69445.22136,3709.875,805800,312164.2969,20224.93056,NA,10.686625,NA,30.279875,0.042,NA,NA,0.062,4.21075
1964,5,10.00612245,66.47619048,7.588571429,NA,214564.2929,159.6666667,1160180,123361.3125,207243.3333,NA,12.97675,0.002,106.8245,0.6575,NA,0.002,0.147,69.29975
1964,6,12.42265512,66.23282051,8.058666667,39060,444437.016,1995.4,3070550,105982.6063,749695.9,0.904333333,9.818666667,NA,79.09775,0.548166667,NA,0.003333333,0.762833333,89.5725
1964,7,16.47560976,64.38461538,8.07,16346.33333,31973.04,616,2943528,89937.02667,2325466.866,1.448,7.14125,NA,67.2015,0.41575,NA,0.004,6.29775,4.66975
1964,8,15.55833333,75.8047619,7.772727273,NA,9908.958333,124417.6667,6689006.67,96084.48625,79399.375,12.496,5.761875,NA,55.207625,1.03225,NA,0.006,6.899291667,6.063875
1964,9,15.42155556,71.77777778,7.521212121,NA,952,53881.66667,2238506.67,321237.1667,3657.666667,8.784,7.3705,NA,49.44125,0.503,NA,NA,5.655,19.762
1964,10,14.34445489,74.12820513,7.292222222,80150,11357.48741,1959.333333,2450183.33,105809.9063,33176.2037,10.33525,11.9455,NA,16.5675,0.3225,NA,NA,3.501,25.84
1964,11,12.60285714,72.61771562,7.091203704,22400,23018.84201,5242,711159.167,106032.7813,31662.07407,5.17225,19.319125,NA,8.758875,0.19775,NA,0.001125,2.2715,7.000625
1964,12,9.82,65.375,7.276190476,3150,8032.5,315,581350,68088.3125,26314,NA,NA,NA,NA,NA,NA,NA,NA,NA
1965,1,7.1,60.57142857,7.378571429,NA,15436.73179,1169.25,198600.938,11113.31945,25292.89063,NA,9.316875,NA,17.981625,0.141,NA,NA,0.028375,1.183625
1965,2,6.8,NA,NA,NA,NA,NA,NA,NA,NA,NA,NA,NA,NA,NA,NA,NA,NA,NA
1965,3,7.322382603,71.33333333,7.57,NA,20464.18112,NA,310600,92566.6625,6411.305556,0.1035,7.1885,NA,18.0535,0.1155,NA,NA,NA,1.03775
1965,4,9.696737168,66,7.735714286,NA,109719.7347,17634,486700,483969.76,69474,NA,NA,NA,NA,NA,NA,NA,NA,NA
1965,5,10.96024629,61.68253968,7.988095238,NA,1358203.753,24981.5,963450,110534.8913,1362561.775,0.268,24.62225,NA,62.788125,0.1685,NA,NA,0.552,242.448375
1965,6,14.01112015,69.63571429,7.914772727,18774.72,158108.419,47024,989867.5,202071.3221,1041992.455,0.4965,25.6495,0.008,62.74275,1.279,NA,NA,3.061,26.7055
1965,7,15.4,134.3571429,7.740909091,11014.66667,3734.016,5523.086667,2254000,315512.063,71518.82675,0.136,15.6165,0.0425,56.67575,0.2505,NA,NA,6.8315,11.13825
1965,8,16.06516447,75.55238095,7.670454545,53134.08333,850.96875,3918.666668,2551192,103534.9134,72138.73254,0.05175,6.5825,0.90625,45.479125,1.17175,0.00225,NA,8.931625,1.9675
1965,9,15.46608586,59.06666667,7.463636364,NA,565,NA,4444000,121021.125,19695,NA,7.971,0.62225,47.7645,1.225,0.0045,NA,1.144916667,3.025666667
1965,10,13.81666667,68.60833333,7.21875,37275,1209.194445,1522,3648570,66305.3125,7278.75,2.109,16.2615,0.28,8.071583334,0.36275,NA,0.002,1.613333334,9.282166669
1965,11,12.76,81.54545455,7.1,48300,3955,NA,3990760,68701.21875,14816.25,NA,NA,NA,NA,NA,NA,NA,NA,NA
1965,12,10.125,79.4,6.9,NA,7771.805555,NA,1121288.75,43107.73958,4700,0.04625,17.169125,0.03225,10.78883333,0.232875,NA,NA,0.466916667,4.291333333
1966,1,7.65,79.57142857,6.921428571,NA,3593.785714,NA,813510,24850.5625,25781.66667,NA,11.409,NA,5.86525,0.123,NA,NA,0.37775,4.1315
1966,2,7.2,66.28571429,7.014285714,NA,81712.28,NA,565110,12646.22222,11981.25,NA,7.655,NA,9.295,0.0285,NA,NA,0.156,3.31525
1966,3,6.933142857,70.8,7.043333333,NA,12160.34813,2989,743135,28132.29778,28343.28125,NA,6.07675,NA,15.470875,0.00175,NA,NA,0.18875,6.147
1966,4,9.284540816,70.92857143,7.972857143,NA,55843.27334,365.25,1661380,102578.2188,37998.47223,NA,18.317,NA,38.03825,NA,NA,NA,0.189,42.29425
1966,5,11.91734266,52.45454545,7.449,NA,254153.6511,11756,2265746.67,68682.64583,134426.6667,4.81125,17.534125,NA,48.096625,0.68175,NA,NA,2.3575,45.042625
1966,6,14.51134837,59.93333333,8.159848485,8400.074075,19258.5217,8237.76852,4083755,46018.01736,102860.4333,4.9430625,40.54775,0.00025,48.586375,0.17825,NA,0.00075,7.6206875,43.4498125
1966,7,16.54297912,22.93333333,7.954545455,NA,3307.270833,1959.333333,3280266.67,130911.6467,340827.1296,3.242821429,30.72721429,NA,37.75735714,0.384,0.074571429,0.000142857,16.93357143,21.90478571
1966,8,16.66586202,60.6,7.504545455,NA,2646.166667,12490.75,2099060,426093.79,869238.0554,0.059,28.28983333,0.031,30.66925,0.900125,0.022875,NA,5.241333333,18.62958333
1966,9,15.75923977,61.23333333,7.256818182,NA,5541.25,13225.5,1313460,346144.4132,507139.5834,0.26025,15.85075,NA,7.614,1.092,0.00075,NA,8.388375,31.08125
1966,10,14.90714286,NA,NA,NA,NA,NA,NA,NA,NA,NA,13.2625,NA,8.09075,0.437083333,0.0115,0.001833333,1.081027778,2.262916667
1966,11,12.59095238,66.68333333,7.125793651,NA,2077.0075,712.5,1292887.5,22545.36111,28335.83334,NA,12.82525,NA,6.229,0.4795,NA,0.009,0.76775,0.642
1966,12,9.93,63.64285714,7.007142857,NA,8017.800065,330,717152.5,39262.40799,109127.092,NA,12.81775,NA,5.905,0.177,NA,NA,0.70775,2.70275
1967,1,8.164444444,61.66666667,7.207142857,NA,16923.7739,38.8125,669077.5,105172.9479,5485.3125,NA,9.839944445,NA,6.616138889,0.117666667,NA,NA,0.265722222,3.026583333
1967,2,7.456,58.33333333,7.333333333,NA,6624.46875,2939,481740,12202.83333,470,NA,10.073125,NA,5.034625,0.003,NA,NA,0.70575,5.095875
1967,3,7.441333333,58.33333333,7.45,NA,950,NA,1011360,189889.5,662,0.072875,9.393,NA,10.52475,0.0015,NA,NA,1.107125,5.498
1967,4,7.967407407,58.33333333,7.534444444,NA,22020.43333,217.5,1402380,185729.1667,40726.875,1.0710625,11.32610417,NA,21.25335417,0.031375,NA,NA,1.396916667,8.4365
1967,5,10.60388278,41.66666667,7.988888889,20475,82524.17333,NA,2306280,804860.3327,37064.1875,21.788875,24.75795833,0.083625,26.234375,0.384625,0.0005,NA,5.6773125,94.0348125
1967,6,14.06635166,41.66666667,7.494212963,NA,17190.1975,329.25,7476262.5,709355.4063,34585.86806,24.8190625,18.99523958,0.003375,35.62660417,0.5298125,0.00175,NA,4.552645833,37.15896875
1967,7,17.43186291,41,7.428181818,12111.11111,10092.51042,6269.9375,3618741.67,517850.0625,41889.25625,NA,9.641357142,NA,22.37503571,0.778821429,0.009416667,NA,7.568178571,19.58357143
1967,8,17.12308142,38.68181818,7.579545455,NA,10371.5,2078.125,5691840,811348.5784,270362.75,NA,8.068347222,NA,18.26452778,1.003541667,0.012833333,NA,5.752777778,7.226416667
1967,9,17.18529632,43.18181818,7.368181818,NA,10555.55556,29390,6903120,768027.25,79900,0.1117,6.1297,NA,9.46245,1.3873,0.00405,NA,2.8581,4.22155
1967,10,14.14694401,46.375,7.01875,11850,3565,1859.444445,1873532.5,253213.8594,43498.53125,0.463333333,12.468,NA,10.66383333,1.428,NA,NA,3.331833333,2.1115
1967,11,11.31119658,42.39285714,7.027430556,12075,2219.90375,425.5,890390,47334.73785,55562.72223,1.871666667,12.94608333,NA,6.915,0.552666667,NA,NA,3.443416667,1.459666667
1967,12,9.244444444,45.33333333,7.3,NA,1731.5,3767.5,1181500,12125.72222,13031.25,0.286875,7.6658125,NA,4.293375,0.1855,NA,NA,1.8749375,1.6699375
1968,1,7.6,40.66666667,7.325,NA,16101.11111,NA,1087800,25964.9375,244074.875,0.006,7.9085,NA,5.664833333,0.172,NA,NA,0.774166667,2.32
1968,2,6.994878788,42.55555556,7.4,NA,2995.738282,734.75,590940,32518.70914,54452.96875,NA,7.5696875,NA,6.47025,0.1155625,NA,NA,0.1505625,2.5608125
1968,3,7.471587302,37,7.3875,NA,32200,NA,1017240,23736.1875,27987,NA,9.025333333,NA,21.07908333,0.029833333,NA,NA,0.11075,8.881333333
1968,4,8.845412088,30.87142857,7.485,11450.5635,32100.32636,2126.169333,386545.08,245218.4375,97416.87012,NA,11.19658333,0.001,35.15191667,0.052333333,NA,NA,0.172583333,33.21016667
1968,5,11.05947358,27.55555556,7.789583333,62085.87,109572.6284,3382.048457,1862297.69,655507.8804,270839.7125,0.140666667,32.818,0.112333333,51.21108333,0.0785,NA,NA,0.29975,172.3956667
1968,6,14.43272355,30.63636364,7.713636364,NA,79367.75,NA,1311240,201479,3120829.167,6.75175,20.04983333,NA,20.4025,0.460833333,NA,NA,5.346,98.64158333
1968,7,16.64122083,25,7.48375,17272.82321,53994.22574,89413.87778,417454.138,154285.7584,5436911.916,23.94435,7.07215,NA,13.769,1.84455,0.00855,NA,10.3625,19.56835
1968,8,17.7919281,26.36666667,7.368636364,NA,70107.30071,3473.857143,747180,275290.4242,2143716.97,NA,4.1255,NA,5.425416667,3.900583333,0.0075,NA,2.766166667,2.91075
1968,9,14.64583333,27.4,7.278181818,11025,14675.12375,5875.930556,1333885,131496.25,5505164.569,0.0425,7.393375,NA,5.482,2.1335,NA,NA,0.95475,3.065875
1968,10,13.92875,33.77272727,7.201767677,NA,2245.197266,21476.71094,2296140,96896.7869,586342.4167,NA,10.3115,NA,3.09375,0.366,NA,NA,1.2035,1.85025
1968,11,10.91,34.35,7.157777778,16800,3240.918367,3046.666667,187297.5,23346.15625,4665,NA,9.213625,NA,2.678625,0.282625,NA,0.00075,0.748375,1.312375
1968,12,9.7,29.42857143,7.2,NA,2395.194444,765.875,417480,24181.9375,41383.5,NA,6.87025,NA,2.7525,0.180125,NA,NA,0.360875,2.448125
1969,1,6.25,30.01666667,7.266666667,NA,4266.625,2191.5,328868.4,17932.44,5660.65,NA,NA,NA,NA,NA,NA,NA,NA,NA
1969,2,4.925714286,29.33333333,7.5,NA,2208.555556,1924,127040,13294.74,2978.125,0.01675,5.08075,NA,6.256125,0.10625,NA,NA,0.37875,2.438875
1969,3,5.47375,29.66666667,7.4,NA,9316.226563,5478.75,262640,74100.14,7403.1875,NA,5.300625,NA,11.13625,0.246,NA,NA,0.317375,2.22125
1969,4,7.806818182,29.44047619,7.48452381,43312.5,104417.8767,5737.638889,163755,153224.455,34182.69532,NA,11.33575,0.0005,20.4705,0.01675,NA,NA,0.54375,16.333875
1969,5,11.18737374,25.39747475,7.948484848,31772.95371,496543.3471,5636.244445,131278.333,205969.7334,151437.375,0.3675,18.988125,0.00125,48.400875,0.36475,NA,NA,1.988125,252.371125
1969,6,14.50470894,16.36818182,7.909090909,NA,42305.76,NA,251400,116148.62,322345.9688,9.166,13.970875,NA,27.483,0.2815,0.00175,NA,2.139875,127.489375
1969,7,13.37429487,16.62083333,7.6375,50550,61325.57,2239.430556,718040,226053.5217,719033.2655,0.1811,8.58905,NA,22.64891667,1.226516667,0.024783333,NA,3.440516667,10.54206667
1969,8,15.30429293,17.80833333,7.43125,NA,37537.2446,152.9375,860150,204381.0553,260024.9087,NA,NA,NA,NA,NA,NA,NA,NA,NA
1969,9,14.74537037,18.52916667,7.404166667,15383.33333,12676.14532,226.5,661606.667,73925.40208,189848.1343,NA,NA,NA,NA,NA,NA,NA,NA,NA
1969,10,13.23888889,20.98811189,7.290909091,NA,16640.93449,4336.0625,785615,118776.65,160223.2888,NA,4.883333333,NA,4.934666667,1.6755,NA,NA,1.327833333,1.803
1969,11,11.22742857,22.72727273,7.109090909,NA,6995.828125,243.5,1206960,88013.24,166116,NA,6.384125,NA,4.294625,0.82675,NA,NA,0.500625,8.3315
1969,12,9.256666667,26.01555556,7.117171717,2100,5342.335931,1651.125,471555,38889.9862,40134.02407,NA,6.0025,NA,6.8995,1.029,NA,NA,0.41775,8.7955
1970,1,7.7,25.06666667,7.233333333,NA,1582.82956,571.125,161678.75,12589.12,18658.40278,0.0065,4.78825,NA,11.47675,0.418625,NA,NA,0.147375,2.940125
1970,2,7.21,24.68333333,7.3,NA,5049.673469,3637.5,219620,11605.22222,19226.66667,NA,5.234125,NA,14.357625,0.610875,NA,NA,0.0975,0.50925
1970,3,7.588333333,24.93333333,7.35,NA,11850.75311,1768.958333,225900,39116.43056,24984.44445,NA,3.4025,NA,14.41075,0.2035,NA,NA,0.0655,0.298
1970,4,8.870231481,24.72222222,7.483333333,NA,35786.8837,1878.229167,317693.333,81206.90625,173240,0.04425,12.40875,NA,36.716875,0.29475,NA,NA,0.288375,2.01625
1970,5,11.14085784,23.75833333,7.845833333,NA,168284.6544,8096.375,250745,242003.6919,4832121.72,8.6403125,22.786,0.00175,47.8498125,0.73425,NA,NA,8.518,38.7119375
1970,6,14.36892233,21.38846154,7.930769231,8400.074075,346801.51,3727.5,611564.375,124971.7496,2467168.14,35.00108333,37.58775,0.001,12.28833333,1.06025,0.006333333,NA,26.31341667,122.4553333
1970,7,15.5,19.70384615,7.680769231,NA,163520.2778,22920.25,1089535,148354.87,3653556.016,8.5393125,22.5565,0.002125,10.7033125,1.574875,0.015,NA,10.029375,80.6013125
1970,8,16.15099359,18.4,7.488461538,NA,6703.429688,7116.515,1534772.5,143798.67,182502.9022,0.0305,10.0784375,0.008625,9.013625,2.9936875,0.00575,NA,2.4221875,3.1830625
1970,9,14.91068376,20.77875458,7.346153846,NA,10525.98586,4464.21875,857223.75,64252.8949,240865.7691,0.013833333,11.301,NA,5.454833333,0.979333333,NA,NA,1.551833333,1.493166667
1970,10,14.30732143,26.62272727,7.172222222,NA,7256.101563,2677.586806,822910,70985.6875,165362.125,0.041,10.79316667,NA,3.935333333,0.403666667,NA,NA,1.139083333,5.959083333
1970,11,11.73666667,30.1025,7.128125,11708.75,9403.094944,8143.458335,236028.125,55551.59375,60718.99219,0.045,9.692583333,NA,3.677583333,0.29925,0.000333333,NA,0.5125,11.68641667
1970,12,9.2,23.13333333,7.233333333,2100,7382.14844,120,464460,43220.35938,39299.5,0.04375,7.2555,NA,4.99375,0.101625,NA,NA,0.763375,4.820625
1971,1,6.966666667,24.86666667,7.394444444,NA,2546.336805,173.3333333,56501.6667,16361.29625,25014.07407,NA,5.3503125,NA,7.956875,0.0488125,NA,0.00025,1.2054375,1.9104375
1971,2,6.505,23.98333333,7.525,NA,4105.022857,536.9375,116290.625,11743.69625,26593.75,NA,5.990583333,NA,13.99358333,0.0355,NA,NA,0.895333333,1.580833333
1971,3,6.4,27.06666667,7.446666667,8540.5,40025.9977,1567.038889,47117.85,42090.75125,11975.88333,NA,4.3465,NA,12.122375,0.022125,NA,NA,0.5085,0.9035
1971,4,8.196666667,23.61666667,7.8125,NA,141531.2447,5560.648148,77213.3333,41322.74208,27337.34722,0.433666667,17.55358333,NA,27.88625,0.000333333,NA,NA,0.863166667,9.794833333
1971,5,11.20428571,17.81428571,8.41,5142.666667,84477.29241,4140.776247,40030.0347,64424.8672,18002.46106,15.16116667,23.31838889,NA,31.96233333,0.748277778,NA,NA,2.435777778,85.12572222
1971,6,12.62703704,13.92909091,8.351818182,5329.471429,168536.23,1460.589802,92432.4619,121304.5932,30211.40942,50.95716667,20.85425,NA,17.65708333,0.93525,0.000833333,0.0005,17.33541667,32.41316667
1971,7,14.76531838,11.28515152,7.865833333,1158.333333,140980.0219,4596.98563,109965.759,97443.28546,91851.25443,0.619,14.4785,NA,20.66555556,1.319888889,0.018277778,NA,6.8045,23.01555556
1971,8,16.25250583,12.86628788,7.475,8750,22695.38021,6122.435134,136423.25,353174.01,68786.78903,0.0143125,6.844375,NA,18.1700625,2.13225,0.0235625,NA,4.19975,2.30575
1971,9,14.72787879,16.57991453,7.555448718,2916.666667,9248.524762,1094.62963,551484,146481.7396,110545.4419,NA,5.3075625,NA,15.4130625,2.21625,0.000375,NA,2.0453125,0.463125
1971,10,13.15854545,14.69055944,7.353671329,NA,2399.888889,3958.333334,387327.5,27285.99,188402.2609,NA,7.6855625,NA,10.912625,0.9540625,0.00025,NA,1.9445625,0.569625
1971,11,9.74,15.04,7.169791667,NA,3075.2025,1456.875,263651.875,53915.65813,72705.6811,NA,5.8365,NA,11.37421429,0.686857143,NA,NA,0.6845,0.459214286
1971,12,8.036666667,19.65111111,7.269444444,NA,2419.058579,1647,116197.5,13011.42417,14370.83489,NA,4.1225625,NA,8.451625,0.1970625,NA,NA,0.7138125,0.2528125
1972,1,6.6,17.66666667,7.513333333,NA,3182.1,1090.222222,155489,11501.496,29075.9588,0.003666667,3.567166667,NA,7.589666667,0.096833333,NA,NA,2.000416667,0.133416667
1972,2,5.65952381,18.96666667,7.466666667,NA,17244.10515,1836.666667,107910,16953.48,15025.59375,0.003111111,1.991,NA,6.877555556,0.044111111,NA,NA,0.695444444,0.076388889
1972,3,6.414013605,21.01111111,7.485555556,1947.037037,33797.86901,2215.972222,142526.833,42161.84838,11384.67708,0.0065,2.47225,NA,16.5493,0.0122,NA,0.0002,0.52085,0.3814
1972,4,7.608373016,19.96666667,7.466666667,NA,97692.3802,2334.375,115430,39123.19125,12391,0.0255,1.6535,NA,11.17733333,NA,NA,NA,0.109,1.3305
1972,5,11.2443032,18.10833333,7.941666667,143,60108.6544,1125.979167,344224.219,87473.79427,68607.98862,9.3238,14.26375,0.0005,36.07795,0.99585,NA,NA,1.73775,36.1181
1972,6,13.80022727,14.07115385,7.713141026,1334.625,46863.12935,1260.97375,189896.641,78923.90563,68316.29465,23.62672222,14.02105556,NA,22.5825,0.983222222,0.000833333,NA,6.167388889,13.91555556
1972,7,14.45284477,14.26153846,7.603846154,NA,29854.51091,1097.098215,1393126.25,58045.00782,54494.30528,0.863666667,9.520527778,NA,17.45294444,1.079018519,0.0115,NA,10.48831481,7.992935185
1972,8,16.54610895,13.32307692,7.4,829.4,8664.209101,6136.741523,414568.167,55342.20083,157392.797,NA,4.681875,NA,22.51,1.343875,0.011375,NA,2.5175625,2.8726875
1972,9,14.83724775,15.40833333,7.316185897,1473.333333,7602.567686,2236.553147,314338.917,53081.39584,68223.31864,NA,4.537375,NA,17.613375,1.20425,NA,NA,2.3425,1.774083333
1972,10,12.45127551,16.44583333,7.260795455,10983.68519,10080.93366,1265.689308,172676.692,83796.35678,84327.84832,0.019625,9.23025,NA,8.4519375,0.5940625,NA,NA,1.17825,3.7641875
1972,11,11.12625,19.69375,7.175,30305,5645.890409,1454.190051,168885.25,114752.7656,56103.68794,NA,8.6504375,NA,6.6399375,0.599,NA,NA,0.5520625,5.0888125
1972,12,7.883333333,18.65,7.241666667,NA,5556.967813,3796.833334,398400,29960.19792,17122.91667,NA,7.5593125,NA,6.22225,0.188125,NA,NA,0.1424375,3.12175
1973,1,6.333333333,20.05,7.294444444,NA,13376.02069,1420.7375,307607,31116.77708,33232.775,NA,4.848363636,NA,12.89913636,0.0705,NA,NA,0.059409091,1.261636364
1973,2,6.217414966,NA,7.283333333,NA,18901.0257,1068.936508,208815.714,42374.36409,15638.19841,0.0046875,6.9940625,NA,29.016375,0.135,NA,NA,0.134375,0.88875
1973,3,6.658472222,20.93333333,7.516666667,6736.6,149102.2459,1576,67330.3,43344.12361,11065.21111,0.00575,11.4005625,NA,49.936,0.045875,NA,NA,0.155,5.106875
1973,4,8.547142857,19.88,7.68,11100,792565.9437,1467.5,50748.3333,28735.343,10157.81667,0.152833333,13.05058333,NA,89.5748125,0.7105,NA,NA,2.14775,72.0403125
1973,5,10.85734127,16.86666667,7.458333333,2910,222805.8292,390,6297.5,43392.57552,8916.634262,9.67975,10.3225,NA,79.7361875,1.0045625,NA,0.0005,7.456625,65.519375
1973,6,13.46558286,16.05555556,7.616666667,10497,97024.83899,3931.854167,8884.5,20954.6365,92542.34999,51.88483333,4.508166667,0.1645,31.5875,1.194083333,0.0065,NA,30.35008333,5.749083333
1973,7,14.5791336,17.02,7.755,NA,11612.52927,9613.283482,17757.5595,20318.49,118835.7565,0.515833333,5.754333333,0.423111111,20.90633333,0.9685,0.014444444,NA,6.360888889,2.421555556
1973,8,15.09515897,18.22083333,7.483333333,NA,12000.52845,1892.34003,76635.7143,12683.85857,209880.4866,NA,5.742166667,0.272166667,12.273,1.32775,0.0005,NA,1.936,0.38
1973,9,14.60918803,21.48333333,7.365384615,NA,3824.662143,1652.317709,66520.8333,16344.16667,182049.8229,0.059666667,6.65225,0.078416667,10.686,1.4195,NA,NA,2.47075,0.45725
1973,10,13.19763636,20.48333333,7.22,NA,8610.912301,9034.921874,112491.333,18269.368,53051.57812,0.05125,8.863125,0.0015,9.158625,0.5515,NA,NA,2.044125,1.054
1973,11,10.19142857,35.2125,7.126666667,NA,3578.844907,2057.777778,63656.25,17338.90375,10091.22375,0.009375,12.497125,0.00625,10.8680625,0.1265625,NA,NA,1.4495625,5.059125
1973,12,8.175,26,7.048,NA,9309.058203,819.4444445,47440,6683.3,5503.572917,NA,8.922375,0.00825,6.124,0.04775,NA,NA,0.9185,1.78725
1974,1,6.55,19.5,7.3925,NA,5800.288889,1691.25,14312.5,3175.96875,1490,NA,6.389,NA,5.8244375,0.040625,NA,NA,0.760875,0.867
1974,2,5.92,27.86666667,7.323333333,NA,15993.36429,435,18257.5,12452.85889,2380,0.01325,4.528125,NA,5.874875,0.0025,NA,NA,0.150375,0.392875
1974,3,5.774285714,30.66666667,7.503333333,NA,51293.86111,NA,13160,6619.675625,1700,0.029416667,6.818083333,NA,11.06533333,0.040083333,NA,0.000333333,0.298916667,0.782
1974,4,7.014285714,25,7.3575,NA,110599.2164,4180.125,12550.8333,62692.88021,60992.50926,1.1673125,11.9485,NA,36.57325,0.06875,NA,NA,0.23,6.7723125
1974,5,9.350998168,24.87402597,7.612597403,NA,239035.4714,1159.958333,13342.5,103404.7135,195304.8967,4.8518125,21.91564583,0.002375,63.79552083,0.9480625,NA,NA,1.627,18.45522917
1974,6,12.3886961,18.01818182,7.620909091,NA,53526.35417,11197.875,NA,169440.7188,744676.14,3.7379375,13.01275,0.07775,23.908625,1.667375,0.001125,NA,5.00625,5.7015
1974,7,13.93149527,15.12727273,7.61,NA,27611.62155,8647.8375,20481,140834.7125,491169.5445,4.44515,8.9052,0.80525,17.0464,0.99575,0.0314,NA,7.46225,7.52675
1974,8,15.60333333,14.61818182,7.538181818,NA,87888.15477,1753.023438,15980,70138.1684,367716.2635,NA,6.1258125,1.1824375,10.907125,0.93,0.0133125,NA,5.078,2.6381875
1974,9,15.47738095,22.79090909,7.500909091,NA,42481.28076,2685.86,58838.3333,114056.2813,579289.0448,NA,5.181666667,5.617916667,7.4495,0.818833333,NA,NA,4.87425,0.708833333
1974,10,14.95486041,14.73636364,7.325727273,NA,158357.1456,5461.685091,163055,155650.3282,421148.5487,0.0973,14.3599,1.3389,2.8538,0.58675,0.00425,NA,4.26285,10.8321
1974,11,11.97466667,25.29090909,7.267272727,NA,157701.3893,14187.122,224952,197177.5125,304426.45,NA,14.27716667,0.012666667,2.669333333,0.23625,0.004416667,NA,2.431583333,23.79566667
1974,12,9.507857143,22.3,7.175555556,NA,46971.84723,5398.075231,145983.333,87531.70313,173828.2775,NA,9.4314,NA,3.1034,0.07095,NA,NA,0.96995,4.27435
1975,1,7.768,17.13333333,7.38,NA,20059.33594,NA,67005,65887.42188,64165.28125,NA,6.325981481,NA,5.750666667,0.034166667,NA,0.000777778,0.311574074,2.866518519
1975,2,6.624,22.2,7.5125,NA,59377.95177,403.3333333,13720,51542.27083,24503.40625,NA,7.4516875,0.002625,10.5866875,0.0750625,NA,0.000625,0.224875,1.4669375
1975,3,6.665,21.41666667,7.5825,NA,67614.87429,2998.361111,15340,49880.86806,108598.301,NA,7.8470625,NA,13.9309375,0.085125,NA,NA,0.4964375,1.314875
1975,4,7.577537879,19.04761905,8.17625,NA,345177.9865,1284.861111,21850,244089.9141,156791.1574,0.0799,15.07315,NA,25.21565,0.29115,NA,NA,2.8345,4.9399
1975,5,10.97364276,14.668125,7.754727273,NA,494743.9012,10526.34549,66395,187520.0235,309360.611,2.3465,22.59735185,0.002666667,46.3282037,0.754111111,0.000888889,NA,16.00196296,47.82027778
1975,6,12.92172619,9.484090909,7.992727273,NA,198987.4901,17699.50577,26924,180871.4204,243585.6608,5.0187,15.56145,0.2548,28.27305,0.5949,0.0085,NA,11.97605,27.1271
1975,7,14.47750545,11.68787879,8.214090909,NA,98790.4328,7920.231437,36865,215232.2448,606806.7434,0.275291667,9.025097222,0.925916667,19.03025,1.060194444,0.044472222,0.033208333,8.788069445,15.18383333
1975,8,15.2699732,12.13272727,7.685757576,NA,236094.5772,5511.533333,56320,120140.7688,478586.6692,NA,6.0950625,2.127875,15.092625,0.3451875,0.0043125,NA,4.6713125,7.2971875
1975,9,15.05299465,12.41818182,7.780454545,NA,19606.86893,2617.582083,220762.778,120798.25,350012.0399,0.125,12.1981875,0.45475,4.8504375,0.38,0.0125,NA,2.366375,32.286625
1975,10,13.295,13.78409091,7.290909091,NA,39626.84508,2143.40625,124872.5,161807.25,121880.7956,0.0154,12.5566,NA,2.07955,0.4983,0.00645,NA,2.08675,6.5774
1975,11,10.94314815,14.8887037,7.0055,NA,53879.70965,768.44375,90252.5,32572.84202,101401.7,NA,7.905375,0.004,1.6500625,0.2149375,NA,NA,1.75,5.5705
1975,12,8.162857143,20.10416667,7.118055556,NA,75023.90693,7271.916666,72030,56633.8047,199597.3683,NA,3.51275,NA,5.39275,0.0574375,NA,NA,0.97225,2.485125
1976,1,7.204,20.53333333,7.263333333,NA,119380.5615,807.4611112,16500,39125.70625,45049.16667,NA,1.358166667,NA,7.474916667,0.04675,NA,NA,0.348083333,1.591416667
1976,2,6.873333333,17.88888889,7.26,NA,129906.6781,731.9375,28476.6667,41547.61458,14510,NA,1.519375,NA,9.718125,0.057,NA,NA,0.269125,1.28325
1976,3,6.377777778,18.57777778,7.678333333,1166.666667,200287.7152,974.1419753,12666.3889,83392.39583,128683.723,NA,5.2146875,NA,13.0041875,0.1286875,NA,NA,0.252125,3.0071875
1976,4,8.246402116,13.41481481,7.75,3325,132014.3102,577.2916667,35122.5,167592.7135,44541.12259,0.0175,14.8365,NA,21.6476875,0.951,NA,NA,0.2988125,5.249125
1976,5,10.932,10.56,7.835,30450,127903.7542,3504.866667,254546,171290.5813,292668.088,4.451227272,16.27571212,0.119818182,25.10859091,0.207272727,0.000363636,0.000363636,1.863878788,138.7503485
1976,6,12.99,13.35,7.732272727,47250.63333,142341.074,1137.588889,112852.13,288273.9542,588024.1857,5.934175,16.379075,10.991,19.085425,0.144,0.0114,0.0004,27.226075,224.0393667
1976,7,15.09815399,11.45818182,7.581060606,17932.27083,55024.24946,5860.14992,8428.08333,111170.1316,400603.512,0.172785714,8.377071429,11.09942857,1.487785714,0.320428571,0.063,NA,2.157714286,27.55135714
1976,8,16.33019231,13.22045455,7.642727273,22099.04762,17725.38095,261.1,1274,123132.3104,1307109.667,0.016375,6.867375,6.43475,1.8860625,0.833625,0.0303125,NA,0.346125,8.351125
1976,9,15.63784314,9.117045455,7.3725,19713.5625,96789.24957,2564.347222,1430.625,52761.02561,44402.72917,NA,1.72435,11.86165,0.77915,0.1675,0.00245,0.0002,0.5293,4.08255
1976,10,14.80833333,8.663636364,7.275454545,63438.875,33054.13661,3166.944445,NA,26657.9537,13690.51852,0.035,1.7663125,11.9899375,0.64675,0.228,0.0036875,NA,0.2775625,13.1125
1976,11,12.27442177,9.725396825,7.1218,94163.42857,67804.41422,1061.619048,NA,79476.77873,13733.72024,NA,2.1313125,4.85575,0.5985,0.2665,0.0015,NA,0.1495625,11.1549375
1976,12,9.286666667,14.4875,6.926111111,81713.1,28341.6476,670.4666666,NA,28100.56111,1164.8,NA,2.66855,1.57555,0.8497,0.0708,0.0002,NA,0.12265,1.97525
1977,1,7.945714286,18.43392857,6.98,22716.64286,17482.08633,243.6507937,NA,19160.48264,1217.142857,NA,1.9438125,0.406875,0.9910625,0.10775,NA,NA,0.0513125,3.8429375
1977,2,7.503265306,15.96428571,7.11,22787.78571,17331.58052,284.4285714,NA,44669.6756,519.2857143,0.013333333,1.938083333,0.291083333,2.106416667,0.18975,NA,NA,0.013333333,2.631666667
1977,3,7.407619048,20.35,7.315555556,44998.33333,24084.6341,656.2962963,NA,63965.12502,4060,0.02695,4.78955,0.17745,4.4399,0.4217,NA,NA,0.03505,28.667
1977,4,9.06952381,19.805,7.345333333,97616.41667,92746.73404,1712.96875,NA,316591.8219,54878.75,1.063,27.34629167,2.849291667,20.58083333,0.318791667,0.000166667,0.072916667,0.456833333,86.84645833
1977,5,12.01281866,8.581818182,7.36,9258,54391.42213,64890.09259,NA,46824.19329,160260.9375,0.847,25.63334375,43.07341667,15.31871875,0.139208333,0.001125,0.00025,0.559958333,61.29125
1977,6,14.22791375,11.99431818,7.431590909,52758.25,22381.79,9864.114583,NA,143813.5762,22346.875,0.095833333,10.47564583,23.92035417,3.313715278,0.197979167,0.001875,NA,0.043083333,12.36229167
1977,7,16.22733333,12.26666667,7.943409091,36366,30432.33083,1535.231481,NA,170171.1617,61577.75,0.3561,1.3002,5.7281,3.3877,1.8955,0.0005,NA,0.11055,5.22575
1977,8,17.04102564,8.25375,7.488282828,2106,1785.833333,1644.583333,NA,91954.51043,35504.22222,13.87880556,1.690725,1.927208333,3.454116667,2.864588889,0.001166667,0.00075,0.575351389,0.994930556
1977,9,14.8092967,11.35090909,7.425454545,41129.26667,9289.5125,3749.625,NA,160559.15,10251.85,44.28707143,2.734357143,2.250571429,4.110857143,3.034071429,0.002928571,NA,2.203785714,1.005285714
1977,10,13.15521212,10.84909091,7.367727273,65931.44445,9413.198376,3908.028345,NA,117585.1354,93088.54167,7.345611111,5.591222222,12.07072222,4.091388889,0.378444444,0.029888889,NA,1.845111111,6.952277778
1977,11,10.80866667,17.46704545,7.236875,40916.59722,25081.83801,1567.184878,NA,111005.6797,32689.69097,0.1542,11.4,0.40795,1.97965,0.1848,0.0042,NA,0.2265,5.55825
1977,12,8.74375,23.7225,7.232,31372,37677.90987,477.7480159,NA,112957.8259,11493.30357,0.2224375,11.855,0.250875,3.8876875,0.147125,0.00025,NA,0.184375,3.406625
1978,1,7.366666667,20.70666667,7.294166667,65872.12963,42586.55252,1432.020156,NA,102615.7504,4294.444444,0.1662,11.16215,0.0569,11.99205,0.06235,NA,NA,0.1055,1.8416
1978,2,7.135555556,24.62666667,7.25,27693.39683,55917.79344,554.9107143,1024,34924.21032,3098.142857,0.1951875,8.3889375,0.0424375,9.341,0.058375,NA,NA,0.029375,0.972375
1978,3,7.7734375,27.52,7.80375,559013.5759,61526.97467,2010.751746,NA,320263.4152,17464.64683,1.257454545,16.0175,0.327136364,15.74536364,0.117545455,NA,NA,0.189636364,2.323545455
1978,4,9.491428571,16.01515152,8.259333333,264188.4074,287916.9845,840.7407407,NA,201879.7836,256263.1667,11.1536875,39.9123125,6.8395625,30.5401875,0.4620625,NA,NA,0.332375,19.392875
1978,5,11.32244318,17.27575758,7.253068182,64466.70635,49730.54986,2946.190476,NA,152664.8304,47125.54464,5.940875,20.10190625,16.90266667,29.17175,0.05175,0.064875,NA,0.439,8.3244375
1978,6,14.46294192,14.38636364,7.616704545,176837.5,349191.4618,15932.64259,NA,75937.43114,50418.36458,0.295625,20.71840675,25.72491825,1.71926746,0.230888889,0.018833333,NA,0.666333333,41.84304167
1978,7,15.91150516,15.01818182,7.963535354,5603.666667,4839.75,2572.46875,NA,90134.3646,335253.4185,1.7563125,2.0231875,2.99625,3.8914375,2.1785,0.0068125,NA,0.4600625,2.789125
1978,8,15.99868201,15.62272727,7.790757576,33768.11111,10019.42762,7743.219827,NA,168214.9063,39575.31611,64.05135,3.66925,1.7979,7.0943,3.57,0.0287,NA,0.34245,3.0485
1978,9,14.6643254,16.45454545,7.578863636,91080.52361,10743.90304,3075.080828,28,131401.5281,149143.9335,72.539125,3.873583333,7.78795,4.5685625,0.520245833,0.0119125,NA,3.272583333,5.9349375
1978,10,13.80491497,15.33030303,7.527272727,112721.5238,16531.33621,5486.056903,NA,147718.3661,49649.27037,4.295375,10.8183125,10.504625,4.0525625,0.450875,0.0085,NA,2.1031875,6.0108125
1978,11,10.73333333,20.58636364,7.1395,83618.04167,6680.975695,3167.538195,NA,96114.84378,9969.555556,1.034111111,11.95744444,3.182111111,2.939055556,0.286944444,0.001,NA,2.498166667,6.968388889
1978,12,8.23,25.33333333,7.04,68350.90179,7480.555556,6637.157778,NA,97862.36607,27110.74762,0.006090909,5.236424242,0.060566667,1.432166667,0.093228788,0.000545455,0.000181818,0.223468182,0.703084848
1979,1,6.097333333,26.93333333,7.343333333,63461.38889,21601.26125,7299.35,156.6,98063.20904,36412.51562,0.0038,5.31365,0.0737,1.63685,0.1428,NA,NA,0.0225,0.1583
1979,2,5.416666667,23.96666667,7.303333333,54522.14815,37779.39959,12815.97685,NA,150205.0025,4773.5,NA,5.9283125,0.039875,2.8703125,0.062375,NA,NA,0.002375,0.112875
1979,3,6.679365079,25.46666667,7.113333333,82565.62499,77152.91681,11228.54861,NA,162367.9939,70881.0625,NA,14.503,0.154875,22.482625,0.2285,NA,NA,0.00275,0.8490625
1979,4,7.866428571,22.33333333,7.471904762,125573.5,168097.8781,11460.33704,34.4166667,137829.5402,185950.3634,0.021,10.3894375,0.2078125,53.7779375,0.6179375,0.00025,NA,0.00075,7.753
1979,5,11.34484848,15.47,7.874242424,121431.4683,47358.07775,5159.80996,194.785714,107439.0164,95339.1206,3.419272727,7.648,6.959909091,51.15418182,0.438227273,NA,0.000363636,0.014363636,10.08327273
1979,6,13.38125,16.91,7.517272727,63203.20635,11642.49206,4372.34127,NA,42759.18849,37354.98115,8.7619375,7.2010625,11.1773125,7.20925,0.0875,NA,NA,0.02425,8.33175
1979,7,15.20820513,18.41818182,7.527272727,11703.29861,14014.26708,8633.992623,168,77121.71485,27548.26354,3.4953125,6.1029375,10.344625,3.7273125,0.192875,NA,NA,0.032625,21.8236875
1979,8,15.54123016,18.97272727,7.390909091,28572.0754,2771.679067,3600.71369,NA,118233.4175,97972.57387,26.1721,2.9018,2.5367,8.52635,1.2835,NA,NA,0.0792,2.3096
1979,9,15.09229437,21.51538462,7.240909091,23855.07143,10431.25124,436.2260318,NA,157373.6295,21834.00825,21.13825,3.46075,0.176258333,19.8401,2.805125,NA,NA,0.3965,1.6044
1979,10,13.6047619,22.925,7.316166667,48669.76984,19701.03249,2196.711905,2806.57143,146695.9161,73681.59707,83.04391667,3.341625,0.141083333,22.3494375,2.203708333,0.004875,NA,2.983,1.29175
1979,11,11.0947619,23.025,7.358717949,78361.14352,39635.03962,1105.128009,31046,135805.1667,308765.2284,2.2032,4.91115,0.06905,22.25355,0.7882,0.01445,NA,1.30465,4.3809
1979,12,8.466666667,23.23444444,7.12875,83075.93333,122397.3156,3063.621333,11534.25,131072.7875,256544.8542,0.139666667,4.905333333,0.028,7.731,0.171166667,0.000833333,NA,0.58575,3.687666667
1980,1,6.715,24.29722222,7.156666667,69019.3,142084.3285,902.2308673,NA,107689.38,6183.227778,0.072375,9.654125,0.027375,4.067625,0.02925,NA,NA,0.9695,1.48
1980,2,6.020666667,24.86666667,7.139333333,58498.75,160683.9918,1323.966667,486.083333,79668.52605,6014.962963,0.078,5.996583333,0.0335,4.202,0.027333333,NA,NA,0.393666667,1.67625
1980,3,6.368,22.95833333,7.3685,76774.13333,186558.5451,13526.42083,2043.6,191583.35,113356.585,0.087166667,9.581083333,0.016833333,23.90008333,0.127416667,NA,NA,0.463666667,2.11625
1980,4,8.031388889,20.21,7.4035,101080.8222,36964.11,1010.277778,471.6,284088.375,47209.6,0.75485,10.485,0.193,50.6985,0.53985,NA,NA,1.61395,5.3862
1980,5,11.53831169,16.11428571,7.764166667,194730.125,22894.97024,2876.555555,NA,273429.2684,83105.98017,7.9425,13.98525,1.7959375,55.3748125,0.66725,0.00375,NA,6.0765625,17.811625
1980,6,12.37887113,17.98181818,7.593636364,95506.66667,684384.6048,13298.72109,NA,135062.25,103194.2083,3.4930625,13.831,11.0000625,7.1724375,0.2020625,0.0141875,NA,5.409,32.0173125
1980,7,14.74313811,16.72727273,7.694431818,59852.375,141303.5783,54444.04166,NA,101375.54,182663.9931,0.1361,17.94348667,9.867124167,7.898234405,0.391034921,0.05025,NA,1.460834444,12.66058
1980,8,15.07916667,20.56363636,7.719431818,127937.0222,34541.88889,36248.64444,NA,129012.9028,628225.2099,0.0123,13.327375,2.719825,7.182775,0.611625,NA,0.0004,1.7265,2.5628
1980,9,14.10201798,22.03076923,7.548585859,83642.15873,51350.63889,1136.81746,NA,118992.3572,831298.868,0.209363636,12.78709091,2.586090909,9.954409091,1.149181818,NA,NA,1.594090909,2.535181818
1980,10,13.16571429,25.71666667,7.269545455,120276.7946,12609.64048,1958.253968,NA,101265.9296,764325.3997,0.879875,15.00625,7.03175,1.647625,0.1605625,NA,0.000375,1.1968125,7.7965625
1980,11,11.37473923,24.38888889,7.307070707,54319.05357,23512.9824,1674.134921,NA,85297.44644,89743.92878,0.20525,11.2860625,1.5085,0.910125,0.179375,0.0011875,NA,0.482625,1.6464375
1980,12,8.65,31.175,7.130555556,44569.11111,23315.8883,323.3333333,NA,53155.6875,58147.66573,NA,7.773125,0.14675,1.044125,0.140875,NA,NA,0.11375,1.173
1981,1,8.13,26.33333333,7.0935,31958,8216.628496,72.71,NA,37531.70834,4207.625,NA,7.829,0.03025,2.644875,0.13325,NA,NA,0.056,0.515375
1981,2,7.983809524,27.43333333,7.134166667,140114.6667,36157.28877,234.0277778,NA,37470.84086,14431.16667,0.006,5.38425,0.010375,3.76575,0.18075,NA,NA,0.016875,0.66025
1981,3,8.675600907,27.43333333,7.419444444,457907.5,609647.6887,206.7857143,NA,197148.8571,26398.38691,0.09675,8.7241875,0.018125,13.8355625,0.309125,0.00025,NA,0.027,4.8724375
1981,4,9.607755102,24.13888889,7.520533333,155867.9379,488354.8748,563.7685184,NA,234083.1331,176121.9383,0.235777778,10.3795,0.041,25.07944444,0.489166667,0.000555556,NA,0.094388889,24.07322222
1981,5,12.11490741,16.16666667,8.087777778,103259.0109,202762.086,1311.63954,NA,196039.7887,1046324.701,14.32480083,39.34802833,12.39736059,48.15408985,0.224291667,0.000375,NA,2.3107275,274.2277175
1981,6,13.70055556,16.06,7.6245,74373.65626,102268.0326,2181.24081,NA,52509.86632,1207525.368,2.336208333,13.37583333,34.6535,2.406729167,0.02425,0.00175,NA,1.638854167,77.74672916
1981,7,15.59480095,19.85454545,7.198060606,56645.44136,38881.35888,8029.855062,NA,56480.16371,48322.00617,0.50595,5.42465,11.75883333,13.23625,0.102016667,0.0104,NA,0.333316667,29.73323333
1981,8,17.70458333,25.33636364,7.745,25379.29167,7962.300555,6359.650174,NA,119495.9028,14271.61458,0.081375,8.67225,2.422,4.49725,0.758375,0.0079375,NA,0.291,6.679125
1981,9,16.51695527,23.2,7.135454545,70773.63333,4895.598265,1677.966,NA,89583.57154,107546.698,2.886318182,8.993363636,1.208,10.8645,1.445227273,0.001272727,NA,0.556863636,1.129454545
1981,10,13.98015873,27.93333333,7.172222222,92289.55557,28461.95608,1508.582341,NA,102303.7897,549958.8459,7.70525,11.70566667,5.70475,3.554083333,0.054,0.009916667,NA,2.59775,11.86133333
1981,11,12.07952381,29.52222222,7.113333333,102920.0521,47513.48593,8115.657407,NA,59545.09838,1192315.952,0.240166667,7.263333333,5.381333333,1.360416667,0.083166667,0.004166667,NA,2.287833333,11.55433333
1981,12,9.88,23.1,7.151666667,79444.42708,33917.65882,342.9166667,NA,53601.125,1417.333333,0.04075,3.514375,0.054,1.43,0.04175,NA,NA,0.12825,0.472375
1982,1,7.95,27.63333333,7.25,112638.5,22267.60972,268.75,NA,48489.21875,242625.7944,NA,2.95775,0.025875,4.275625,0.283375,NA,NA,0.064375,0.837625
1982,2,7.216666667,30.53333333,7.2625,125333,29648.93355,NA,NA,51651.28125,2799,0.02425,3.04025,0.023625,7.013,0.191,NA,NA,0.0165,0.498625
1982,3,7.4,29.68333333,7.247222222,176038.6667,88652.80909,525,NA,109834.382,1251.928571,0.01,4.13125,0.005583333,10.46125,0.223083333,NA,NA,0.0005,1.022833333
1982,4,8.705,29.32,7.708,145158.9167,283293.4285,3655.833333,NA,109223.8704,16884.25,0.15225,9.29475,0.049625,8.856625,0.37925,0.00075,NA,0.01,5.923875
1982,5,11.58106061,19.91666667,8.461666667,755754.2743,664285.0516,7010.156249,NA,235451.9601,14362.71296,15.99925,40.40333333,2.045333333,50.93366667,0.18475,NA,NA,0.28775,149.2262083
1982,6,14.51540242,17.37272727,7.965555556,52541.82044,10065.36429,95220.88492,NA,40431.74628,103302.0405,6.33275,16.2385,11.28591667,32.33541667,0.452916667,0.001166667,NA,0.566916667,18.17308333
1982,7,15.12649573,15.22727273,8.066868687,142819.2,20610.25972,82656.19733,NA,57914.98959,37780.00728,0.868625,11.577,4.828625,20.583625,0.25575,0.0095,NA,0.359625,8.361875
1982,8,15.76982601,19.03636364,7.837151515,38225.625,10227.38195,9003.385417,NA,85720.55644,108023.8002,0.373277778,12.00233333,3.574611111,15.996,0.840388889,0.010722222,NA,1.052888889,1.622777778
1982,9,15.05363636,17.45454545,7.609242424,84235.5,3303.143917,28149.85,NA,138218.2757,327516.2259,4.339375,12.914875,3.772375,9.815375,0.99475,0.001875,0.00075,1.1585,1.26275
1982,10,14.085,18.38181818,7.278484848,186201.9167,44194.80795,5148.445833,NA,113802.0782,341102.9521,1.149,17.557,7.252125,2.69825,0.100375,0.005,NA,2.766875,5.661625
1982,11,10.69,21.16,7.206,127910.1,122221.9888,2227.59375,NA,33335.13333,107153.9213,0.220625,8.65625,2.36225,1.358375,0.12625,0.007125,NA,1.485625,10.437625
1982,12,9.12,19.74285714,7.291071429,47552.75,53649.50813,450.8333333,NA,74139.29053,51551.83333,0.03775,5.417875,0.52525,1.849,0.177375,NA,NA,0.379375,1.926125
1983,1,7.62,22.7,7.335833333,59645.75,21940.93219,6450.3125,NA,85700.47222,7262.1875,0.0165,4.947375,0.109375,4.172,0.14025,NA,NA,0.030625,0.605125
1983,2,7.45,22.16666667,7.264166667,103735.5,24842.45703,2644.6875,NA,129490.375,4665.5,0.00675,5.689625,0.00675,6.820875,0.217875,NA,NA,0.01625,0.293625
1983,3,8.153333333,23.08333333,7.289444444,342031.8571,97844.03289,4603.382937,NA,97785.82195,24745.42857,0.025166667,8.157,0.014333333,9.79425,0.183916667,NA,NA,0.064583333,0.629583333
1983,4,10.35,18.15833333,7.69952381,843018.4286,164659.8022,4628.440477,693,173448.2049,203442.8464,1.020833333,16.45775,0.3785,22.2905,0.519583333,NA,NA,0.124166667,21.88125
1983,5,12.31,15.985,7.8495,257785.6667,77186.22552,3167.676505,NA,28280.5,533287.9597,3.86945,32.65055,17.9043,53.81885,0.210083333,NA,NA,1.23555,39.65415
1983,6,14.2020979,17.21818182,7.542484848,155039.1667,4791.777778,6130.114583,NA,23814.48148,304211.125,0.24925,13.46225,10.502,21.566,0.0985,0.00375,NA,0.83025,34.055
1983,7,15.87377622,19.58181818,7.417828283,150595.25,85615.1,7059.673611,NA,85301.74653,414099.5635,NA,13.76775,9.219125,3.690125,0.181875,0.021125,0.00075,0.36225,13.00375
1983,8,16.60343434,19.39090909,7.705151515,157104.8333,110134.7778,21210.64987,NA,143418.0567,462482.4082,0.141083333,19.538,3.500277778,4.695611111,0.686472222,0.005416667,NA,2.318916667,7.121222222
1983,9,16.03625,20.45454545,7.088181818,174499,24954,47989.83227,NA,50286.08333,200019.48,2.214375,16.71025,8.337875,8.078625,0.136625,0.019,NA,1.138,10.42075
1983,10,14.57291667,21.93,7.363454545,250263,35741.87847,76533.74478,NA,150050.5938,45505.94111,1.01525,10.543625,5.299875,2.2375,0.12325,0.00475,NA,0.748625,13.061125
1983,11,12.15,26.01,7.365833333,121313.375,13003.625,2135.836875,NA,54073.48264,17774.4375,0.89375,9.30275,3.268125,1.69975,0.093,0.00075,NA,0.95025,3.157625
1983,12,9.1,24.56666667,7.235,121075.7083,14850.77755,4942.361111,NA,23730.94445,9519.708333,0.097125,2.56225,0.59725,1.987875,0.087875,NA,NA,0.358875,0.674
1984,1,7.356,21.68666667,7.381333333,73587.8,22361.70664,1244.9,NA,58880.30556,67276.1,0.019125,3.1955,0.0645,4.136375,0.24875,NA,NA,0.084875,0.3145
1984,2,7.023703704,24.2,7.281111111,56844.83333,68223.5014,865.0555553,NA,28909.03588,7166.875,0.013333333,4.253583333,0.027166667,5.31375,0.104583333,NA,NA,0.03675,0.34125
1984,3,7.84,24.925,7.215833333,68523,90835.56657,934.763889,NA,31193.60938,6587.8125,0.258375,11.204625,0.016625,5.873125,0.105375,NA,NA,0.007125,3.761
1984,4,9.893333333,19.87777778,7.672222222,295507.6667,200176.0702,8461.25,NA,69554.11343,49564.44445,7.5275625,18.91108333,0.3566875,30.92329167,0.29375,NA,NA,0.110208333,30.64325
1984,5,11.46666667,14.26333333,7.727,123048.25,141108.2003,1817.265625,NA,31644.47222,3028768.4,11.79541667,24.87129167,7.094125,28.05620833,0.100833333,0.005,NA,0.604208334,25.49325
1984,6,13.71794872,15.24848485,7.655454545,149376.5313,34529.8,26308.26063,NA,25658.72222,1463692.077,0.6457,22.4536,19.7028,1.338333333,0.2008,0.006333333,0.0006,0.47035,27.9008
1984,7,16.46777778,14.46868687,8.095050505,152737.1852,112997.1049,17976.64708,NA,125325.6875,436271.031,0.360166667,22.581,8.319194445,3.049611111,0.255333333,0.032888889,NA,0.473944445,24.06880556
1984,8,16.21666667,12.44242424,7.849393939,116094.9259,164293.8333,697.7777778,NA,30805.88889,27782.64583,0.24275,10.54316667,1.980791667,7.170958333,1.227,0.012708333,0.00075,0.251166667,5.55925
1984,9,16.55454545,16.31333333,7.638484848,289475.9722,4595.066667,572.7611111,NA,126370.125,408923.7438,1.444,9.336875,2.38425,23.667375,1.527125,0.0055,NA,0.534875,3.256625
1984,10,14.50416667,13.945,7.5782,136773.5243,12185.86728,4541.111111,NA,168063.3468,172824.6065,4.146,11.56925,4.959625,7.69225,0.1125,0.02,NA,1.69075,6.736875
1984,11,10.95,20.02,7.386,73996.125,5436.683793,1020,NA,54975.99653,32433.45,1.6815,5.784875,2.340625,4.954125,0.107125,0.004625,NA,1.49625,8.468
1984,12,9.15,21.5,7.328333333,37468,9195.89648,4042.2675,NA,28540.75,5636.5,0.463625,3.14675,0.06825,3.999375,0.01075,NA,NA,0.167375,3.034375
1985,1,7.233333333,23.05,7.471111111,42409.5463,9977.129054,3126.020833,NA,40703.85509,10051.60167,0.139916667,2.116666667,0.01675,1.979833333,0.002166667,NA,NA,0.023333333,1.20875
1985,2,6.373333333,23.08,7.384666667,66024.88519,37578.40946,4902.909722,NA,121167.0562,4468.983333,0.06625,1.65225,0.101375,7.212875,0.00175,NA,NA,0.038,2.027625
1985,3,6.833333333,21.48888889,7.451111111,87629.29445,116748.9728,17705.70851,NA,61588.78689,110846.4775,0.292166667,3.22825,0.106166667,16.78666667,0.009,0.000333333,NA,0.027,3.36475
1985,4,8.671111111,18.24583333,8.035416667,162812,86274.36927,90782.77963,NA,126887.8088,9101.504813,2.556375,16.865375,0.708,27.819125,0.145875,0.0035,NA,0.158708333,45.74116667
1985,5,11.205,14.14603175,8.12968254,186904.4729,229951.9881,4034.209491,NA,53324.33218,85889.8625,24.62847222,28.61236111,17.07008333,1.254138889,0.264944445,0.000333333,NA,0.697819445,231.4436111
1985,6,13.66538462,12.94333333,7.5855,138059.465,8763.819,4333.054688,NA,54251.3283,120736.2125,2.639729167,9.594854167,15.98097917,1.467791667,0.481416667,0.000625,NA,0.649479167,6.02175
1985,7,16.77199735,12.11212121,7.946565657,95803.41737,4205.081641,37711.87374,4.2,84263.56312,139986.4366,2.90215,14.53955,3.23475,2.53865,1.8902,0.00755,NA,0.6599,28.4302
1985,8,16.2,13.35454545,7.718787879,192280.725,2424.0875,56695.09768,873.627778,150243.7313,332421.5041,10.759,9.025333333,0.933666667,7.017,5.353916667,0.010166667,NA,1.406833333,5.804416667
1985,9,15.24333333,11.24333333,7.749,39976.40741,5895.982124,3460.747531,3745.81667,62359.75556,163406.3517,17.703125,9.686,7.00675,19.94825,0.1605,0.06125,NA,1.305625,5.48075
1985,10,13.8175,15.17,7.5415,61072.98889,12992.16821,1742.40625,NA,27830.36389,29948.77188,3.719875,6.16625,14.73775,15.807,0.165,0.005625,NA,1.1385,8.912625
1985,11,11.25,17.48055556,7.41,89522.94167,11161.8965,1349.772,NA,36792.60278,445851.7866,2.514375,4.0315,5.113875,4.6505,0.010375,NA,NA,0.8905,4.9065
1985,12,7.433333333,19.20555556,7.423333333,109373.5,21276.23122,236.0833333,NA,100605.5345,4836.683333,0.068416667,3.130583333,0.260666667,0.577083333,0.015166667,0.000333333,NA,0.306166667,1.398916667
1986,1,6.48,20.60833333,7.573333333,80074.075,37537.17657,987.75,NA,26666.95,3073.15,0.06425,6.317,0.31225,2.772625,0.059375,NA,NA,0.267375,0.79025
1986,2,6.45,21.90833333,7.655,81644.425,32542.47723,66.9375,NA,45204.46112,8906.5,0.065875,13.023875,0.569375,9.066,0.28225,0.011,NA,0.625375,0.991125
1986,3,7.24,17.78333333,7.711666667,88377.9,89614.19477,541.5,NA,67125.51094,2462.85,0.351,7.88225,0.1175,4.236125,0.08575,NA,NA,0.1955,1.554625
1986,4,9.102294372,13.75079365,8.19984127,255598.8048,36681.50017,1386.292857,NA,76975.36945,6341.528571,18.24986905,12.49816667,2.370214286,19.77163095,0.410964286,0.000714286,NA,0.320214286,12.69192857
1986,5,10.27701299,10.24444444,7.680740741,79545.03333,65737.08335,1295.708333,NA,64926.59167,370435.4472,7.928125,11.29540278,7.848513889,42.49344444,0.122236111,0.0015,NA,0.587222222,36.685
1986,6,13.35290648,12.16818182,7.828181818,109545.6875,81611.685,15991.45125,NA,43346.56528,16350.23056,1.770083333,8.171597222,17.047125,12.01330556,0.209930556,0.016541667,NA,0.439763889,13.806375
1986,7,14.72144799,11.64074074,8.404444444,76903.68951,17702.23318,2264.441358,NA,53479.98272,404329.7426,0.335166667,14.95212963,6.570601852,6.611259259,0.430916667,0.088185185,NA,0.432675926,35.267
1986,8,16.41832406,10.83333333,7.972222222,59048.23,9749.6473,2018.672,NA,71102.61334,297979.3548,0.752488095,13.12860714,2.330535714,10.04204762,1.537416667,0.002714286,NA,1.470202381,4.898154762
1986,9,16.45092593,13.66666667,7.737777778,87957.16945,5360.609127,1792.08534,NA,64892.85556,442678.9508,0.802883333,7.323083333,0.97985,12.05176667,1.646683333,0.00495,NA,4.397816667,1.117
1986,10,13.43717172,12.94666667,7.677,215398.6961,22140.2529,5273.336733,NA,65360.02037,464970.0162,3.476833333,12.20166667,2.051666667,8.899,0.27925,0.002666667,NA,1.918666667,6.88925
1986,11,12.08555556,15.95,7.3335,56388.33056,14985.66,5031.069445,NA,48235.89167,355032.4844,2.369,11.22875,6.069375,2.172875,0.02775,0.003875,NA,1.661625,27.099625
1986,12,9.233333333,21.21111111,7.434166667,78618.51667,16329.12574,736.0111111,NA,33611.44815,12495.5,0.377666667,5.224583333,0.636083333,2.093583333,0.063333333,NA,NA,0.299333333,2.528833333
1987,1,7.8,21.7875,7.53875,69522.425,34652.62778,412.3385417,NA,34371.31389,7098.2125,0.024,5.43925,0.024,3.74875,0.143625,NA,NA,0.02875,0.675875
1987,2,7.401190476,20.8875,7.58125,127515.175,55644.95117,1871.955556,NA,39686.19722,163752.2448,0.04675,6.742125,0.031625,10.025375,0.0845,NA,NA,0.02525,0.56325
1987,3,7.86,22.4125,7.62,259939.9,124717.3828,1409.075,NA,57265.60278,177567.51,0.15975,14.713625,0.021125,28.5595,0.11675,NA,NA,0.006125,3.142875
1987,4,9.763314536,16.62,8.270833333,267491.8488,442005.4327,1019.627778,NA,82242.47,169716.0247,4.63975,23.89108333,0.925416667,4.567416667,0.1025,0.001,NA,0.225833333,95.67058333
1987,5,12.60686275,15.8,8.468333333,172435.3939,101793.0365,3962.777778,NA,42848.71667,171441.2625,15.49675,30.31697917,17.5715,4.322333333,0.384354167,NA,NA,0.611875,152.453375
1987,6,14.27586835,12.36969697,7.89969697,226203.047,107908.2653,350620.3094,NA,27012.98611,461735.8031,0.92775,16.5596875,12.5333125,5.826625,0.3473125,0.0030625,NA,0.248125,100.9598125
1987,7,16.16636509,10.92,8.240833333,70419.09815,641436.5003,16915.94678,NA,38356.67315,145560.4971,1.2029375,14.16196875,7.460096354,8.122579241,0.648105655,0.024502083,NA,1.257411458,19.1499375
1987,8,17.23600877,12.33939394,7.708939394,48396.16667,155812.7407,695.3481482,NA,31224.85926,275966.1026,1.9509375,3.8899375,5.7625625,9.26125,1.374,0.0078125,NA,0.89425,5.652125
1987,9,16.54397059,13.45454545,7.695,65273.48959,47961.07363,5263.609444,NA,45414.43209,379735.8071,20.46705,3.47735,9.2277,5.0323,0.60935,0.00605,NA,1.6707,8.8172
1987,10,15.14993056,13.015,7.5305,73228.47813,2769.066667,2671.255556,NA,24274.57778,2201265.206,8.8741875,6.2515,8.9931875,2.56,0.3156875,0.0110625,NA,0.6545625,6.3319375
1987,11,12.59930159,11.8,7.513333333,142667.463,41855.37716,5615.048147,NA,24671.05741,352007.4932,2.307666667,10.19625,4.2565,1.8225,0.283,0.0035,NA,0.446333333,5.219833333
1987,12,9.606666667,18.57083333,7.574583333,46309.72755,14643.05318,697.2777778,NA,14081.77407,144417.2348,0.297833333,6.376416667,1.010083333,1.836916667,0.087333333,NA,NA,0.3405,1.896666667
1988,1,7.6,19.9625,7.51,22425.7,17619.34445,1410.8,NA,870.5868055,54354.24778,0.02525,5.35675,0.2885,4.421625,0.329875,NA,NA,0.156625,0.41375
1988,2,6.98,20.875,7.66125,54369.925,49735.26557,4527,NA,3668.934722,48128.60778,0.317125,5.955625,0.274625,8.264,0.092125,NA,NA,0.13975,1.860625
1988,3,7.188888889,19.16666667,7.758,21750.725,39957.4011,412.5,NA,5540.201389,34685.24722,1.191625,2.863625,0.093,5.673625,0.065875,0.00075,NA,0.0445,3.52225
1988,4,8.803571429,19.52,7.84,314899.4907,82151.95815,47.05555556,NA,35073.64228,228465.3194,58.06379168,10.35183333,3.141625,39.38525,0.380041667,0.00075,NA,0.575,37.00525
1988,5,11.28,15.7047619,7.798333333,112542.805,159446.8618,3257.576128,NA,41742.36146,1197503.595,19.09129167,21.28683333,11.57395833,16.143375,0.246583333,0.0025,NA,0.670333333,21.3395
1988,6,14.01534392,12.93333333,7.938686869,123860.1504,30206.20556,26896.95474,NA,55313.08518,421448.0537,3.5085,25.78752778,13.99358333,19.57986111,0.5405,0.011416667,0.009666667,0.489305556,8.488722223
1988,7,17.61372549,14.08030303,7.958848485,40922.70174,43242.66728,5566.291016,NA,31317.71389,111323.0779,0.806291667,22.11795833,2.331791667,5.7415,0.402083333,0.03875,NA,0.305041667,17.8965
1988,8,17.18611111,16.01212121,8.105,83513.08852,5569.688254,4921.655133,6.58,29650.63593,296257.8705,2.060625,7.45625,1.945375,7.90825,2.04325,0.0065,NA,0.58025,3.195125
1988,9,16.65598086,16.17878788,7.511111111,202915.9445,1212.765432,1431.213412,NA,36254.84012,872152.0377,5.8855,4.166875,2.9435,10.811125,1.771875,0.00775,NA,4.86925,3.29375
1988,10,14.87214286,12.83409091,7.389772727,109749.9351,9989.936,2516.736111,NA,7835.452779,205979.0927,2.33175,6.595875,5.85675,9.513375,0.15925,0.018375,NA,1.986375,7.71125
1988,11,11.70666667,18.72984127,7.525968254,44692.84445,60526.69912,261.8108,NA,2809.270278,187741.3955,0.193583333,5.649,1.77725,5.4765,0.10075,0.000333333,NA,1.188083333,5.761666667
1988,12,8.988888889,22.83333333,7.565,22875.68333,8912.364022,NA,NA,698.4916667,7720.831482,0.0025,2.443125,0.037,2.34075,0.032125,NA,NA,0.05575,0.329875
1989,1,7.913888889,23.29166667,7.793333333,43290.23333,12433.68337,NA,NA,19890.16852,860015.7659,0.01825,2.555375,0.02075,2.493125,0.02575,NA,NA,0.053625,0.5505
1989,2,6.483333333,22.825,7.7025,96163.275,17016.70111,NA,NA,20936.975,20823.25122,0.02225,1.93825,0.010625,3.7855,0.00075,NA,NA,0.02,0.1755
1989,3,6.266666667,22.78333333,7.715,70913.7,61594.47339,68.9,NA,58111.83438,255863.4578,0.033625,1.95475,0.0015,12.770875,0.0075,NA,NA,0.00625,0.2825
1989,4,8.342712418,21.185,8.0105,143783.45,423258.1394,1993.107292,NA,139631.6208,170917.258,2.482111111,8.915944445,0.019916667,19.89102778,0.161666667,NA,NA,0.051083333,14.67375
1989,5,11.68457143,13.8968254,8.906666667,146894.4139,189697.61,4241.734799,NA,29958.63056,119356.0644,64.84333333,40.52683333,4.7129,10.7037,0.381833333,0.00085,NA,0.8163,222.5355833
1989,6,15.19348371,9.492592593,8.310666667,97461.25665,30501.03676,21610.19286,NA,8463.219842,5208.857143,9.1744375,25.4814375,12.461375,12.6266875,0.6266875,0.00925,NA,1.3173125,59.213625
1989,7,16.40945317,15.83636364,8.214318182,32579.25625,14099.09171,4631.911327,NA,18714.86667,293635.0114,0.3743125,16.97010417,3.4665625,12.21741667,0.636708333,0.013583333,NA,0.634604167,10.70129167
1989,8,17.06101618,8.583333333,7.998441558,56444.52639,3951.735612,6424.856945,NA,19166.44861,483415.6652,4.98405,7.94325,2.12105,14.5054,1.8859,0.0009,NA,1.03195,1.9662
1989,9,16.50133977,10.78030303,7.83,28808.36,2971.780669,687.38175,NA,14723.59556,579247.5972,7.250642857,5.2195,3.135857143,15.30514286,0.744,0.006571429,NA,5.575285714,3.813142857
1989,10,14.13878788,16.33747475,7.534747475,159323.2213,22801.99691,13045.7012,NA,18440.48111,5356422.674,1.824142857,5.257642857,3.634059524,6.010642857,0.184702381,0.015071429,NA,2.409928571,8.985
1989,11,10.63888889,17.05,7.663333333,94198.24167,8292.72095,1529.166667,NA,24078.58703,690022.5547,0.486875,4.7315,0.591,4.53875,0.302375,NA,NA,0.12025,1.36
1989,12,9.3,21.95,7.44,42664.85,6202.1375,288.75,NA,10774.35,402960.5,NA,3.30325,0.1065,3.82475,0.236375,NA,NA,0.02725,0.183875
1990,1,8.2375,23.0625,7.47625,13971.5625,17038.05805,345,NA,18892.22222,10202.39125,0.01225,2.437875,0.020125,4.362875,0.0775,NA,NA,0.034875,0.15025
1990,2,6.98875,21.975,7.741111111,40038.075,16806.74358,261.25,NA,10946.88611,4069.529861,NA,1.880875,0.004,5.333875,0.01725,NA,NA,0.014375,0.11025
1990,3,7.153636364,19.625,7.67,202551.375,140053.2078,59.765625,NA,44481.54445,18719.18282,0.057,2.993,0.0025,11.34175,0.14075,NA,NA,0.012,0.26875
1990,4,9.422478992,16.83928571,8.560357143,176996.425,466925.5406,896.6805556,NA,30272.85833,61714.45,4.044625,6.69925,0.035833333,32.356125,0.737,NA,NA,0.030833333,38.09175
1990,5,11.45387427,12.28854167,8.785520833,313375.8422,435396.597,2631.477188,35.2,37247.07639,102279.151,163.008125,27.06475,0.423875,17.3545,0.992125,0.0035,NA,0.8825,78.319375
1990,6,13.96720743,9.9375,8.298888889,171525.1139,470632.4219,8713.147556,487.64,47483.86555,393115.2275,4.049166667,24.61958333,7.60225,10.75966667,0.362333333,0.0105,NA,5.779333333,37.2955
1990,7,17.0775,9.922916667,8.007083333,73906.68056,247323.9944,98012.51111,NA,41631.325,723106.0034,0.45425,22.204125,7.9845,7.915,0.6205,0.0315,NA,3.1555,36.70125
1990,8,16.48207283,11.58541667,7.638958333,118256.2222,9210.361333,2152.718981,NA,40478.83518,262531.3972,0.083,14.222875,2.75275,8.424375,1.5695,0.00075,NA,0.5655,7.67625
1990,9,16.53904762,10.88125,7.76375,37285.52778,1818.2935,966.722222,192,23521.78056,110079.2219,3.45575,9.5805,0.815875,7.525375,2.286375,NA,NA,0.420625,0.8675
1990,10,13.75119048,16.6,7.439761905,152580.2778,20816.4223,4286.365461,2025.73333,38635.23704,169629.1584,3.5635,6.354583333,0.524666667,9.58025,0.981333333,0.002,NA,9.88675,7.343
1990,11,10.675,21.70333333,7.424125,65678.43056,14803.54028,13238.37656,83.2,14114.51597,142868.0199,3.46125,5.229375,2.1005,5.59275,0.161875,NA,NA,6.344625,19.21775
1990,12,8.33125,23.1,7.465,37409.92709,48362.03334,3164.822917,349.88125,33855.63333,13194.56504,0.033,2.7455,0.056125,2.283375,0.049625,NA,NA,0.099125,4.27175
1991,1,6.5,21.695,7.577,43240.05,18817.74665,2252.4772,NA,29383.96,8091.186667,0.287833333,2.72875,0.011,4.853666667,0.028583333,NA,NA,0.039833333,5.010166667
1991,2,6.7175,21.3125,7.64875,324865.4063,41066.7529,6619.738889,NA,39637.03889,177240.0972,2.02375,6.28475,0.0155,12.7455,0.030375,NA,NA,0.014375,6.52575
1991,3,6.95,21.925,7.68625,80202.16667,70876.7838,18804.1195,NA,25670.43125,31729.25972,3.4545,12.63025,0.038375,7.668,0.0445,0.011,NA,0.037375,9.787
1991,4,8.635416667,19.8,8.12,294250.3594,103068.8194,20605.789,NA,58835.77778,394833.2109,3.54725,7.36875,0.01525,5.301875,0.348125,0.0005,NA,0.133375,18.64025
1991,5,11.03235294,13.83055556,8.663611111,537893.9514,93624.09404,3704.811328,519.4,42478.58334,53311.55218,6.03075,37.821625,0.541,13.406875,0.316875,NA,NA,2.997375,789.878375
1991,6,13.13839599,13.44666667,8.640444444,219256.4583,279588.5592,2982.275463,NA,48829.32593,98128.75852,2.9945,23.37175,5.865125,13.902625,0.72,0.004,NA,6.826,303.7595
1991,7,15.50513784,10.88222222,8.356333333,65207.27778,50734.77767,32266.58125,NA,46578.96667,968575.3315,0.6475,11.33525,6.451,11.20141667,0.804916667,0.028833333,NA,3.677583333,44.18658333
1991,8,15.95404412,12.12833333,7.891333333,13739.90625,9670.382482,3616.09375,NA,43140.775,761650.9817,NA,3.837708333,1.671875,10.264375,1.974833333,0.005416667,NA,5.145208333,1.13775
1991,9,16.3775,12.94333333,7.858,123152.4653,3266.703704,2853.3225,NA,36576.69167,2278117.858,1.35575,2.967125,1.01325,14.480625,2.486125,0.003,NA,2.279625,1.09625
1991,10,14.63444444,9.3,7.569,77119.86806,4834.734686,2835.110268,411.6,31741.825,2118894.44,9.39625,3.839,2.5075,13.595,1.1355,0.00375,NA,4.16475,3.70725
1991,11,11.44444444,15.07,7.532,267729.8282,19459.3219,2314.235389,617.4,21678.825,1225674.37,4.53875,7.6785,3.273625,9.316,0.066875,0.00725,NA,8.36075,26.60625
1991,12,9.191666667,19.96666667,7.373650794,57483.90277,34351.75373,573.4133333,NA,22773.48148,7928903.459,0.532166667,4.481333333,1.719833333,6.89375,0.10525,NA,NA,3.926333333,12.86133333
1992,1,8.01,21.69166667,7.5825,26551.875,56409.6365,5216.203704,1176,16065.45741,3675.8625,0.09925,3.25425,0.01025,13.826375,0.0855,NA,NA,0.0365,4.4675
1992,2,7.962820513,22.675,7.53,102243.0938,57751.9111,364.1444445,758.4,25351.24167,24381.83334,1.5585,4.6545,0.0805,40.334375,0.13,0.0025,NA,0.004125,9.3095
1992,3,9.163369963,19.58571429,8.055714286,544017.5278,226078.9978,1297.296296,NA,39500.16667,79771.35852,9.48275,12.398875,0.05325,18.390875,0.1005,NA,NA,0.00825,72.08875
1992,4,11.1487013,17.98888889,8.076666667,644905.6718,51763.24419,622.2708334,NA,35864.85972,164048.7795,0.38825,59.6285,6.803083333,8.490125,1.973625,0.0025,NA,1.191479167,433.9255
1992,5,13.11143742,14.34555556,8.044666667,329551.5375,139548.1919,14252.05556,NA,18812.41222,762921.6754,0.155083333,31.29777778,31.67719444,12.29352778,0.497694444,0.074416667,NA,1.0125,69.28358333
1992,6,15.89949726,17.105,8.13352381,105476.7037,24836.19861,5427.310185,NA,9419.879628,68862.2306,0.061875,28.36214583,15.706625,6.908645833,0.431520833,0.01825,NA,0.074729167,36.5054375
1992,7,17.23601132,10.67515152,8.155993266,114051.7963,5546.438358,9998.137037,22.7555556,22311.8858,130108.8213,0.108454545,14.61210606,3.499765151,5.809219697,0.594712121,0.0075,NA,0.053590909,3.791265152
1992,8,17.79968254,15.31515152,7.916590909,81724.31713,15441.52967,4530.339259,247.466667,22025.5037,670927.9615,12.73825,4.37625,1.2171875,8.929895833,1.281833333,0.0009375,NA,0.265270833,9.2175625
1992,9,16.61812614,16.36136364,7.830681818,87371.93056,8785.096889,5585.990179,1011.2,24226.38333,905645.8916,109.96425,2.863645833,1.38375,13.60935417,1.504,0.009125,NA,0.840958333,3.32125
1992,10,14.60297619,16.62,7.6335,152449.7813,4343.683036,2127.378646,NA,18742.81945,84508.23898,10.816375,6.8439375,7.573416667,9.295833333,0.237979167,0.008583333,NA,0.076770833,30.698125
1992,11,13.23888889,17.92,7.22025,134744.0591,20159.1668,10003.218,NA,26646.70834,57427.03181,0.6715,6.27425,1.522875,3.60175,0.08,0.003625,NA,0.239625,8.806625
1992,12,9.46952381,24.5,7.3445,84264.075,15544.65317,2306.4,NA,20435.16333,20584.71778,0.147333333,5.633833333,0.967,4.756916667,0.102333333,NA,NA,0.01625,2.67325
1993,1,NA,22.35,7.4325,42617.25,7078.981481,25,NA,38518.92778,5836.7625,NA,NA,NA,NA,NA,NA,NA,NA,NA
1993,2,6.533333333,22.8,7.5075,29035.69097,40301.15,293.4375,NA,29321.5,7260.11,0.19975,9.6365,0.29975,26.8115,0.23525,NA,NA,0.03375,2.78075
1993,3,6.325,24.025,7.53,49908.79688,83393.62653,1466.8,NA,26365.73472,16738.62575,0.2625,2.97875,0.00725,9.141125,0.036375,NA,NA,0.042375,3.67675
1993,4,9.258508403,19.375,8.11,2521.3125,88675.33978,3232.9,51.2,15650.66389,109147.4379,29.07191667,9.498083333,0.815916667,40.4735,0.447166667,0.003833333,NA,0.113416667,86.94266667
1993,5,11.74954082,14.02857143,8.19,57459.76984,32149.99943,4632.742349,NA,26824.75238,16413.01845,5.63475,28.4429375,12.375125,14.5639375,0.6619375,0.0095,NA,0.4934375,120.007125
1993,6,14.68210526,11.98571429,7.63,58755.58333,14941.51927,31069.60719,NA,23911.69688,32994.43972,1.5499,11.01335,7.33945,16.73125,0.7695,0.0779,NA,0.22445,16.7258
1993,7,16.03819444,11.54,7.582,11211.04688,12550.28946,18822.80015,92.8,25855.57639,249617.6744,0.201125,5.86925,0.7064375,15.39175,2.092375,0.082625,NA,0.02575,6.82925
1993,8,16.14178338,15.20909091,7.551818182,69987.71875,27755.86155,17074.63163,2681.6,28178.32778,1481881.005,6.947375,7.2415,4.244125,8.4164375,2.2264375,0.003375,NA,0.2795625,11.383125
1993,9,16.43738095,14.41818182,7.445454545,66990.39585,5146.236806,21811.35,217.6,23579.61389,525532.2641,1.5005,4.749625,10.636125,4.817,0.076625,0.011375,NA,0.200625,15.59575
1993,10,15.40294118,16.45454545,7.43,54601.3125,13581.08311,1742.66,358.4,32691.25556,390456.7649,0.42625,8.105916667,6.44725,3.656625,0.10425,0.00725,NA,0.05175,9.64625
1993,11,12.72692308,19.29,7.279,76044.9375,9561.742591,1778.15625,NA,28762.44445,320864.7101,1.133,13.649,5.247375,4.482875,0.196875,0.0005,NA,0.023375,9.06325
1993,12,8.85,23.95714286,7.312857143,66646.125,11775.89869,428.375,19.2,15805.85,13498.90014,0.1025,7.885,0.97875,3.323,0.024,NA,NA,0.006125,6.998
1994,1,7.8,20.5,7.5,39938.0625,12780.24065,112.5,NA,16282.01111,11588.76875,0.096,6.134625,0.037875,2.690875,0.089375,NA,NA,0.00125,3.649625
1994,2,7.2,19.075,7.518,64887.6375,45460.83941,67.2,NA,19434.69889,2366.078,0.178666667,3.502166667,0.026866667,7.733766667,0.0723,NA,NA,0.0013,4.024533333
1994,3,7.471428571,23.75,7.671,97006.21875,81354.90841,1018.125,NA,10536.26944,24553.32125,1.114208333,7.902708333,0.123125,20.99333333,0.196875,0.001,0.001,0.021416667,7.346083333
1994,4,9.29875,20.375,8.392,486351.3375,240210.1743,962.0355556,NA,76163.80111,113090.6224,14.343625,10.824,0.175833334,6.844125,0.059041667,0.0005,NA,0.0355,43.45733333
1994,5,13.01778164,15.04285714,8.813,121153.7736,497186.8232,5671.331042,NA,42655.69028,63288.13199,16.63259893,62.15455541,13.84837317,21.39853298,0.962258063,0.0073,NA,1.569677637,257.2115731
1994,6,15.16373626,13.48,8.406,82282.53771,101884.4314,16145.52195,NA,24406.21746,51544.80977,NA,27.91054167,13.9314375,5.629208333,0.440541667,0.038625,NA,0.3746875,24.98020833
1994,7,16.45054302,11.86,8.046,29762.90104,16687.98144,4336.192708,NA,23882.75695,174182.2019,0.0198,12.2796375,5.907943452,4.403756548,1.190113333,0.04585119,0.0013,0.0405,3.770575
1994,8,17.43069254,13.33,7.835142857,27993.01157,3888.241667,9003.574076,NA,20757.66852,238572.8968,1.57275,3.2001875,4.1479375,4.593,1.7265625,0.0033125,NA,0.07,0.36025
1994,9,16.89802632,18.35454545,7.618181818,70077.65625,1793.013542,745.8888889,NA,24876.04445,25392.3524,11.5105,4.78875,11.983625,13.069125,0.3065,0.004375,NA,0.178375,5.3235
1994,10,14.96818182,19.79,7.587,40412.57292,3432.678572,1320.111111,NA,31308.075,3256788.087,5.6685,6.9,5.9355,19.36575,0.247,0.007875,NA,0.833125,2.56725
1994,11,11.825,19.48888889,7.271875,152288.441,10703.34448,3979.7,32,31870.98611,709037.0961,0.68225,6.666,2.52625,8.74725,0.09725,0.000875,NA,0.258,6.739
1994,12,8.45,20.275,7.4,46074.06597,20057.80084,4002.875,NA,19605.5,7406.668889,0.038546934,4.52148847,0.418937735,1.480777289,0.040492433,NA,NA,0.039224808,0.650482747
